{"photoPath":"1670913479913.jpeg","name":"Superman","manager":"Raul","year":"2000","language":"english","userId":"vI1GMkzBza5i82zj","lat":47.29341652941491,"lng":24.15388570663447,"_id":"6VqUAsw0QxbpKfDw"}
{"photoPath":"1671010544071.jpeg","name":"Ba","manager":"raul","year":"2022","language":"english","userId":"vI1GMkzBza5i82zj","lat":51.069142572124434,"lng":16.92334074471244,"_id":"lDeu1UfpM80mctzb"}
{"photoPath":"1670913381387.jpeg","name":"Batman","manager":"Raul","year":"2022","language":"english","userId":"vI1GMkzBza5i82zj","lat":50.36192229477563,"lng":25.649052210031584,"_id":"zvKVNSseq0qhXQsb"}
{"photoPath":"1672834976139.jpeg","_id":"zvKVNSseq0qhXQsb","name":"Batman","manager":"Raul","year":"2022","language":"english","userId":"vI1GMkzBza5i82zj","lat":49.95256511047577,"lng":25.723066942346875}
